filename,OrientationX-0,OrientationX-135,OrientationX-225,OrientationX-270,OrientationX-315,OrientationX-45,OrientationX-90,Object-glasses
20241021_103147_jpg.rf.ffe5f9897b8b3c51ad69ad362c37fca9.jpg,0,0,0,0,1,0,0,1
20241021_103650_jpg.rf.ff37b7f1b023f21459d2b6ab57058c98.jpg,0,0,0,0,0,1,0,1
20241021_103623-0-_jpg.rf.ffb466be42cb546ac5fd00e6e481b470.jpg,0,0,0,0,1,0,0,1
20241021_103239_jpg.rf.007d30ba21be209adbafdca004069916.jpg,0,0,0,0,0,1,0,1
20241021_103648_jpg.rf.010803f68236a44ec6726c2d6005746c.jpg,0,0,0,0,0,1,0,1
20241021_103103_jpg.rf.018ebe6e802d18197d8d3954d73b7f78.jpg,0,1,0,0,0,0,0,1
20241021_103650_jpg.rf.03ad4f4d5af22d3d93d7bfca6152db78.jpg,0,0,0,0,0,1,0,1
20241021_103045_jpg.rf.095fb7abbd4e69021cf1de5be7a25e44.jpg,0,0,0,0,0,1,0,1
20241021_103631_jpg.rf.091a9f24cb6abe0958b3183fbf108c49.jpg,0,0,0,0,1,0,0,1
20241021_103147_jpg.rf.015f1078447adea44eff19efd7ac6fd6.jpg,0,0,0,0,1,0,0,1
20241021_153554_jpg.rf.057aee6f7d75556ca1dbc431724f4649.jpg,0,0,0,0,1,0,0,1
20241021_103609_jpg.rf.0983e887bdb70a887d27725142acba2f.jpg,0,0,0,0,1,0,0,1
20241021_103031_jpg.rf.0ae7643bf36931ed6a60b4d701118cd9.jpg,0,0,1,0,0,0,0,1
20241021_103006_jpg.rf.01ddb2f1658df631b3cc6cc337bc92a0.jpg,0,0,1,0,0,0,0,1
20241021_103413_jpg.rf.08663dc28cf0120fc589810454611b07.jpg,0,0,0,0,0,1,0,1
20241021_103252_jpg.rf.065351954862eeb649121fa56f6b8297.jpg,0,0,0,0,0,1,0,1
20241021_103450_jpg.rf.07bd1c0fd569c33dc7c7fd6ce0b3aec1.jpg,0,0,0,1,0,0,0,1
20241021_103357_jpg.rf.0a8a40e6d8850c4f64d11b43a2fb1882.jpg,0,0,0,0,1,0,0,1
20241021_103626_jpg.rf.02d981ae4f37dbf7fc79a375c87cdbce.jpg,0,0,0,0,1,0,0,1
20241021_103711_jpg.rf.0a728cc7b6f71de4bb34ce9a3fa3f924.jpg,0,0,0,0,1,0,0,1
20241021_103623_jpg.rf.0170fb59e8de0afd3e907db4a7b87e34.jpg,0,0,0,0,1,0,0,1
20241021_103406_jpg.rf.08519d03241f370f069e9139800e75f2.jpg,0,0,0,0,1,0,0,1
20241021_103101_jpg.rf.06436cd8d6e373f957c22882339a9eb2.jpg,0,1,0,0,0,0,0,1
20241021_153551-0-_jpg.rf.08e0eb28ddb9821689ed8d22ddbc7586.jpg,0,0,0,0,1,0,0,1
20241021_103609_jpg.rf.045dbccb408ce0e95b45782451ba0260.jpg,0,0,0,0,1,0,0,1
20241021_103027_jpg.rf.0a9449c127e27c79ec1d8deafc0f5c0d.jpg,0,1,0,0,0,0,0,1
20241021_103623-0-_jpg.rf.0a15a953c54532f9237c33fdc6a6f723.jpg,0,0,0,0,1,0,0,1
20241021_103448_jpg.rf.03375c8b3c861cd6d4651e08ad6367c5.jpg,0,0,0,1,0,0,0,1
20241021_103713_jpg.rf.0c8ace873a2d8feabf0196b4b17e7f63.jpg,0,0,0,0,1,0,0,1
20241021_102833_jpg.rf.0b0aa0c249bd00f26bf6c600f5da8ce3.jpg,1,0,0,0,0,0,0,1
20241021_103406_jpg.rf.0c187caf60309acafc11c1284c748e0c.jpg,0,0,0,0,1,0,0,1
20241021_103607_jpg.rf.0c1efb08edc0678823ce8f1d4e404f3b.jpg,0,0,0,0,1,0,0,1
20241021_103628_jpg.rf.0d3dee764dd2fd2cdeddd9280b74f893.jpg,0,0,0,0,1,0,0,1
20241021_103638-0-_jpg.rf.0132d64b498831e00a7ac6266d052600.jpg,0,0,0,0,1,0,0,1
20241021_103610_jpg.rf.0e23065a071bf3e11de393b43db46bd3.jpg,0,0,0,0,1,0,0,1
20241021_103252_jpg.rf.0fbf18a87334cd93507fef4f1aa36dfd.jpg,0,0,0,0,0,1,0,1
20241021_103710_jpg.rf.148ef6760dd29455fa82aaa353219398.jpg,0,0,0,0,1,0,0,1
20241021_103252_jpg.rf.11a1a9825e519a6aae5cc397a10c09fb.jpg,0,0,0,0,0,1,0,1
20241021_103252_jpg.rf.1190d695b946d31591412f0980258687.jpg,0,0,0,0,0,1,0,1
20241021_103135_jpg.rf.0e569d25b0f9ced2099d7b600a7fdd35.jpg,0,0,0,0,1,0,0,1
20241021_103609_jpg.rf.0d10fc2fbbb78c2e5378429f5bf0e0a2.jpg,0,0,0,0,1,0,0,1
20241021_103053_jpg.rf.100ed1aa658aa67d05131d6fd3e57ced.jpg,0,0,1,0,0,0,0,1
20241021_103006_jpg.rf.177918776285dda2d7bb222805bff50e.jpg,0,0,1,0,0,0,0,1
20241021_103627_jpg.rf.0e4a8529190e344b07e74e6ef20be868.jpg,0,0,0,0,1,0,0,1
20241021_103243_jpg.rf.155874f9b763d4c177c62003aec8e126.jpg,0,0,0,0,0,1,0,1
20241021_103621_jpg.rf.154faf4e983fbec255d7686eae7a59aa.jpg,0,0,0,0,1,0,0,1
20241021_103631_jpg.rf.16893a7d707529e11df733b823034e82.jpg,0,0,0,0,1,0,0,1
20241021_103450-0-_jpg.rf.146efa2f54f6ec992071d652883be793.jpg,0,0,0,1,0,0,0,1
20241021_103441-0-_jpg.rf.17497c93f38ae52dbb8a6bc3c33b3c48.jpg,0,0,0,0,0,1,0,1
20241021_103651-0-_jpg.rf.1387396782fc74ad24d6d0607882a197.jpg,0,0,0,0,0,1,0,1
20241021_103713_jpg.rf.0d0f2fcfb703bdc3f17cd99d78f0a5f5.jpg,0,0,0,0,1,0,0,1
20241021_103608_jpg.rf.18e80525956cea597e677a5068d37b67.jpg,0,0,0,0,1,0,0,1
20241021_153555_jpg.rf.154c70cb41bfca5f7643b885ee4ef10c.jpg,0,0,0,0,1,0,0,1
20241021_103712_jpg.rf.19f4c35d90b1cc5a560c91d4f367108a.jpg,0,0,0,0,1,0,0,1
20241021_103351_jpg.rf.17501cdabced61c8b524344d625e6f8f.jpg,0,0,0,0,0,1,0,1
20241021_103621_jpg.rf.18a859428b8d9fd145a7765eab56106a.jpg,0,0,0,0,1,0,0,1
20241021_103622_jpg.rf.1761c63f644e12e1481e442b78615fd1.jpg,0,0,0,0,1,0,0,1
20241021_103442_jpg.rf.1905ec1efb8b883c48e93163b50cc3e3.jpg,0,0,0,0,0,1,0,1
20241021_103050_jpg.rf.1c705be0dbbac71cd60a96e511b42bb1.jpg,0,0,0,0,1,0,0,1
20241021_103715_jpg.rf.1622b47bbfd37f9f1862bdd70dfbd030.jpg,0,0,0,0,1,0,0,1
20241021_103103_jpg.rf.19106bdc94d48705e60154d68dda8dc6.jpg,0,1,0,0,0,0,0,1
20241021_103443_jpg.rf.1b441f16ab56809539e1c22baff1ccd2.jpg,0,0,0,0,0,1,0,1
20241021_103101_jpg.rf.1aa4b397b017e4afcc03dff2cd070829.jpg,0,1,0,0,0,0,0,1
20241021_103135_jpg.rf.1a9c4c66c70cc2eafdaaa68377f21f29.jpg,0,0,0,0,1,0,0,1
20241021_103437_jpg.rf.1c3883316a1d33b3b3bc4958b8df8793.jpg,0,0,0,0,0,1,0,1
20241021_103712_jpg.rf.1a5eb87e1bbf73320af680791afb53f5.jpg,0,0,0,0,1,0,0,1
20241021_102833_jpg.rf.238797e31f622eddab88042950c5ed95.jpg,1,0,0,0,0,0,0,1
20241021_153551_jpg.rf.200442138c1f5199c40369a414659b1c.jpg,0,0,0,0,1,0,0,1
20241021_103453_jpg.rf.1f29f5dd1e282fad4b083be2e4466f8e.jpg,0,0,0,1,0,0,0,1
20241021_103002_jpg.rf.1f628060a519231694af1f9df491a04e.jpg,0,0,0,1,0,0,0,1
20241021_103351_jpg.rf.1f9c20de5876b2014ee981d43424b2a7.jpg,0,0,0,0,0,1,0,1
20241021_103045_jpg.rf.1bb64b77d44d1484b792cfd10334c906.jpg,0,0,0,0,0,1,0,1
20241021_103450-0-_jpg.rf.1ff30095c3fd11fe10a201180c093178.jpg,0,0,0,1,0,0,0,1
20241021_103248_jpg.rf.23933938016beafb907ae240c8f70dc6.jpg,0,0,0,0,0,1,0,1
20241021_103715_jpg.rf.22f3b4310e515ee0d7995136374a366e.jpg,0,0,0,0,1,0,0,1
20241021_103710_jpg.rf.202512a27cb534b7cbf61ad022636922.jpg,0,0,0,0,1,0,0,1
20241021_103649_jpg.rf.1ea5e97c92338a6f2679582b05d7d3eb.jpg,0,0,0,0,0,1,0,1
20241021_103135_jpg.rf.24285e87dc5c90fc83b5caf55ba7bd90.jpg,0,0,0,0,1,0,0,1
20241021_103437-0-_jpg.rf.244ff33fee30b7db1514e40215d57826.jpg,0,0,0,0,0,1,0,1
20241021_103653_jpg.rf.200449a9552e2453fdf2784531a26ad1.jpg,0,0,0,0,0,1,0,1
20241021_153556_jpg.rf.2a4248d6318473a07a2db5f00a7215ea.jpg,0,0,0,0,1,0,0,1
20241021_103243_jpg.rf.2750d8443485655b53a3f1d4bfec85ba.jpg,0,0,0,0,0,1,0,1
20241021_103437_jpg.rf.28f5decb835ebab7b5a445384a8c5629.jpg,0,0,0,0,0,1,0,1
20241021_103712-0-_jpg.rf.2a5d3f13894f69a5b52463682fcb9c9f.jpg,0,0,0,0,1,0,0,1
20241021_103357_jpg.rf.2643c2c0b3c64311fa661d42eef350b8.jpg,0,0,0,0,1,0,0,1
20241021_103606_jpg.rf.256b4c82448c1b5681cb2a749078195b.jpg,0,0,0,0,1,0,0,1
20241021_103605_jpg.rf.2aa465442d1c532cb64a0aa7f3766356.jpg,0,0,0,0,1,0,0,1
20241021_103629_jpg.rf.263112de0004a26e7501576971d8afe9.jpg,0,0,0,0,1,0,0,1
20241021_103404_jpg.rf.2abd643e2f93b66fee772068b0dd0876.jpg,0,0,0,0,1,0,0,1
20241021_103638-0-_jpg.rf.22afecdbdec483c7d9516a3f37bbeb35.jpg,0,0,0,0,1,0,0,1
20241021_103452_jpg.rf.2aba7fee1042b0749e4c5d46583ea644.jpg,0,0,0,1,0,0,0,1
20241021_103608_jpg.rf.27bcc6b17645fff4d9938887134408fc.jpg,0,0,0,0,1,0,0,1
20241021_103635_jpg.rf.2b0e98a14341ac590ab5cec6d7eb0faf.jpg,0,0,0,0,1,0,0,1
20241021_103243_jpg.rf.2b8594dc5b316bcb004b1aad700e1e5e.jpg,0,0,0,0,0,1,0,1
20241021_103002_jpg.rf.2a22538f876e1d1b63bae40582705395.jpg,0,0,0,1,0,0,0,1
20241021_103456_jpg.rf.2f03191c991286a8678e235ffbf5b398.jpg,0,0,0,1,0,0,0,1
20241021_103053_jpg.rf.2bb6efca8308fef6d3af0278e750ba77.jpg,0,0,1,0,0,0,0,1
20241021_103633_jpg.rf.21557b2e1c2a7d39c4924e7413e32cbd.jpg,0,0,0,0,1,0,0,1
20241021_103149_jpg.rf.2bff7d01214441e1f3b991720b73b9cb.jpg,0,0,0,0,1,0,0,1
20241021_103450_jpg.rf.3132ee6cd75a260cdb5b9d0b19b648be.jpg,0,0,0,1,0,0,0,1
20241021_103450-0-_jpg.rf.2f8f6fe807771b362cac3271daa86a70.jpg,0,0,0,1,0,0,0,1
20241021_103636_jpg.rf.2f8181a8dbe6c533a2317f088baeec92.jpg,0,0,0,0,1,0,0,1
20241021_103147_jpg.rf.29e713be64c47d2bfafc97215b7a7e05.jpg,0,0,0,0,1,0,0,1
20241021_103453_jpg.rf.3062c5ae2d022140427df77a293752f5.jpg,0,0,0,1,0,0,0,1
20241021_103713_jpg.rf.30f289b5be0d1501feca7a73925f608e.jpg,0,0,0,0,1,0,0,1
20241021_103621_jpg.rf.2f2077baa1512b02f12b3a1534794c80.jpg,0,0,0,0,1,0,0,1
20241021_153539_jpg.rf.2e9a4801dcfc645ebaadd32a53b2c23f.jpg,0,0,0,0,1,0,0,1
20241021_103125_jpg.rf.2e9477b37dea05ce62f724034fc95430.jpg,0,0,0,0,0,1,0,1
20241021_103605_jpg.rf.35d383d7dd8b9e7e0f2e23003a0b29aa.jpg,0,0,0,0,1,0,0,1
20241021_103607_jpg.rf.359161d602e53f9056429b32de3795bf.jpg,0,0,0,0,1,0,0,1
20241021_103605_jpg.rf.33ccf59d4a181c8fe4d50cdfe291b5f4.jpg,0,0,0,0,1,0,0,1
20241021_103622_jpg.rf.36273b6657b9099f5da12d401b9117b2.jpg,0,0,0,0,1,0,0,1
20241021_103053_jpg.rf.3a094f8b316a6fcff9dc12bd2d4ee61d.jpg,0,0,1,0,0,0,0,1
20241021_103636_jpg.rf.32a49ada6d1b9b5eaf6f4e29107430cd.jpg,0,0,0,0,1,0,0,1
20241021_103606_jpg.rf.37e3c6627e3dff5b3ba9232639cd3d3f.jpg,0,0,0,0,1,0,0,1
20241021_103437-0-_jpg.rf.31f2a7f96f592e418eeafb360bf39531.jpg,0,0,0,0,0,1,0,1
20241021_103404_jpg.rf.39b4706e41daba531fc554f641e3b8fe.jpg,0,0,0,0,1,0,0,1
20241021_103115_jpg.rf.329c11e130f80956bd7b5464f517139d.jpg,0,1,0,0,0,0,0,1
20241021_103712-0-_jpg.rf.37c79bfa54364444115240adcd1c4d2a.jpg,0,0,0,0,1,0,0,1
20241021_103635_jpg.rf.3d8f1f89b072bfacc9d3f80ff950637f.jpg,0,0,0,0,1,0,0,1
20241021_103606_jpg.rf.3a7b544d2d1786fdb566fbe83b0da718.jpg,0,0,0,0,1,0,0,1
20241021_103130_jpg.rf.38e3367a022c243e4d34d7420ccb1bba.jpg,0,0,0,0,0,1,0,1
20241021_103453_jpg.rf.3c39768059abaec9d14e8b7a94460696.jpg,0,0,0,1,0,0,0,1
20241021_153609_jpg.rf.407c6d44963a05123c73b5c596e1ab7c.jpg,0,0,0,0,1,0,0,1
20241021_103631_jpg.rf.2c4664a72f64da7bb17e897d34fc24c9.jpg,0,0,0,0,1,0,0,1
20241021_103006_jpg.rf.2fe4f8ac8bce8529f6a3d2e18d7fb122.jpg,0,0,1,0,0,0,0,1
20241021_103239_jpg.rf.3f1bc194d860f8181632189085d29fdd.jpg,0,0,0,0,0,1,0,1
20241021_103640_jpg.rf.3eaaa7fc7f9866d11b89e2fd0c740d2a.jpg,0,0,0,0,1,0,0,1
20241021_153609_jpg.rf.34ab527fa2dc37acaee98fc5b29b399e.jpg,0,0,0,0,1,0,0,1
20241021_103453_jpg.rf.3c82c323df137ab77684f63e43d6355f.jpg,0,0,0,1,0,0,0,1
20241021_102833_jpg.rf.3f22ca9aa17253dc872113528f027ac7.jpg,1,0,0,0,0,0,0,1
20241021_103623-0-_jpg.rf.4125579f1f0eb3020ff4e39cd9867e58.jpg,0,0,0,0,1,0,0,1
20241021_103623_jpg.rf.4100575ba31aaa99b691f3fb3e97b993.jpg,0,0,0,0,1,0,0,1
20241021_103031_jpg.rf.3a1d6661344ac3fb829c1cf6202bd3e1.jpg,0,0,1,0,0,0,0,1
20241021_103629_jpg.rf.4160cdadbe7a9ae7cbc6acac69783051.jpg,0,0,0,0,1,0,0,1
20241021_103626_jpg.rf.3e6eb657bf62d7cc362ea0c4d2bf6d2b.jpg,0,0,0,0,1,0,0,1
20241021_103650_jpg.rf.42b0c266e9231301bbe30ad6c75b4000.jpg,0,0,0,0,0,1,0,1
20241021_103450_jpg.rf.41acea251cddabf10bf6ddf0c50a6bba.jpg,0,0,0,1,0,0,0,1
20241021_103650_jpg.rf.415df80c55a64a8ac3c9de8df1be1e79.jpg,0,0,0,0,0,1,0,1
20241021_103628_jpg.rf.44ca011a90c51cbe9238608612182e08.jpg,0,0,0,0,1,0,0,1
20241021_103611_jpg.rf.438a147b2d74804134311bc92219f751.jpg,0,0,0,0,1,0,0,1
20241021_103436_jpg.rf.41e773f9b2bbf4d304f4819dbb97a783.jpg,0,0,0,0,0,1,0,1
20241021_102833_jpg.rf.423f8c2e56c453e97bf7dc0f44a7d94f.jpg,1,0,0,0,0,0,0,1
20241021_103402_jpg.rf.45411154539df01a68c49679156e8ca9.jpg,0,0,0,0,1,0,0,1
20241021_103441-0-_jpg.rf.464a4151c88510657634a8833ff470e9.jpg,0,0,0,0,0,1,0,1
20241021_103631_jpg.rf.4120a3a94438fb718de469295006be48.jpg,0,0,0,0,1,0,0,1
20241021_103135_jpg.rf.434746b9bfb6a0b1c1ff2b75e6a702b7.jpg,0,0,0,0,1,0,0,1
20241021_103610_jpg.rf.48793cc80513c2e041aafe48631dbc59.jpg,0,0,0,0,1,0,0,1
20241021_102948_jpg.rf.46a1cb7e3dac84ad3c0bf9cf85d1e1b8.jpg,0,0,0,0,0,0,1,1
20241021_103452_jpg.rf.4324a3e1e2918f2931c9def271999bd5.jpg,0,0,0,1,0,0,0,1
20241021_103239_jpg.rf.47ce453b290d7daa0bfed2640d74aeef.jpg,0,0,0,0,0,1,0,1
20241021_103648_jpg.rf.4b98f1e265992f05cce63ca0167c1d1b.jpg,0,0,0,0,0,1,0,1
20241021_103649_jpg.rf.4cd8a2f0994184948ad8125f80908005.jpg,0,0,0,0,0,1,0,1
20241021_103436_jpg.rf.4a1e4af9e25629e5a5b1c97b7d0f6cdf.jpg,0,0,0,0,0,1,0,1
20241021_103353_jpg.rf.3b78136ac342ebed5df855a83a51c7ca.jpg,0,0,0,0,0,1,0,1
20241021_103050_jpg.rf.4c3a81173b866b221c447dae7f794213.jpg,0,0,0,0,1,0,0,1
20241021_102833_jpg.rf.4aaa85d3c3c3b0bbf3bbb2d8fafe800a.jpg,1,0,0,0,0,0,0,1
20241021_103248_jpg.rf.4d8a75a2ba8cf5caa7b27a5907d81d99.jpg,0,0,0,0,0,1,0,1
20241021_103050_jpg.rf.49979f5f0b6ada6540dfdff1a3a0079c.jpg,0,0,0,0,1,0,0,1
20241021_103709_jpg.rf.529adf1bed56dcdd1b87ed34dcc9ea06.jpg,0,0,0,0,1,0,0,1
20241021_103115_jpg.rf.5259fb6d7a79f81efb899310def3ffca.jpg,0,1,0,0,0,0,0,1
20241021_103623-0-_jpg.rf.4e56813af0fd7e390fbab55aaf8d00b9.jpg,0,0,0,0,1,0,0,1
20241021_103252_jpg.rf.4ef68b5c53013d0522f580c4bed06bac.jpg,0,0,0,0,0,1,0,1
20241021_153705_jpg.rf.4c650644d6f9673d170bc242001f5d40.jpg,0,0,0,0,0,1,0,1
20241021_103441-0-_jpg.rf.53134ea69bde9f0c91926f647bdda027.jpg,0,0,0,0,0,1,0,1
20241021_103711_jpg.rf.508f8cd198ebbabaa44cd789ac2491ec.jpg,0,0,0,0,1,0,0,1
20241021_103408_jpg.rf.559075ad623d58141ea519637409e9a0.jpg,0,0,0,0,1,0,0,1
20241021_102942_jpg.rf.54235d7a11bddf65f6039cbbb38c4751.jpg,0,0,0,0,0,1,0,1
20241021_102942_jpg.rf.5137ba1004a10b3cc9c0d251ef3cbb18.jpg,0,0,0,0,0,1,0,1
20241021_103652_jpg.rf.5100e080f4914a127f9803fbc680c248.jpg,0,0,0,0,0,1,0,1
20241021_103045_jpg.rf.559ac37a21e2a2615ae6db647df26a79.jpg,0,0,0,0,0,1,0,1
20241021_153554_jpg.rf.51b504eb1f6a31c038b3adf5649f8085.jpg,0,0,0,0,1,0,0,1
20241021_103710_jpg.rf.48d5821bd41a02074c9e01844c9365f3.jpg,0,0,0,0,1,0,0,1
20241021_103441-0-_jpg.rf.50c3a6320329b5782add9ccc5a9bd272.jpg,0,0,0,0,0,1,0,1
20241021_103450_jpg.rf.5695fd97fa8b600c5a6d4b65d3b2dde9.jpg,0,0,0,1,0,0,0,1
20241021_103607_jpg.rf.5716f7b3b23b2cba3ab49c0498eb36ea.jpg,0,0,0,0,1,0,0,1
20241021_103252_jpg.rf.45450e5f2f6660db134b107187081b2a.jpg,0,0,0,0,0,1,0,1
20241021_102833_jpg.rf.57d87a719796e8b51aad457441b76a8e.jpg,1,0,0,0,0,0,0,1
20241021_103609_jpg.rf.56bf39d66d11434de781528945be7fb8.jpg,0,0,0,0,1,0,0,1
20241021_102951_jpg.rf.57893f4e4d11189c9e2fea3dda4907b1.jpg,0,0,0,0,0,0,1,1
20241021_103623_jpg.rf.57afe76820c085e64e3cfa8f2281980a.jpg,0,0,0,0,1,0,0,1
20241021_103027_jpg.rf.57f81c5666e83a17107b3be7bad410a8.jpg,0,1,0,0,0,0,0,1
20241021_103357_jpg.rf.5c085ec5008f11b9bc6cef8bf471acba.jpg,0,0,0,0,1,0,0,1
20241021_103610_jpg.rf.5955143d72388e97814e6f35b746121f.jpg,0,0,0,0,1,0,0,1
20241021_103252_jpg.rf.5a1596669f4bbe564374b9a55e8f178b.jpg,0,0,0,0,0,1,0,1
20241021_102833_jpg.rf.57052036124ad27e3676f72957ec1ca7.jpg,1,0,0,0,0,0,0,1
20241021_103357_jpg.rf.5b51b66413e1ad2bf6af778398eb6620.jpg,0,0,0,0,1,0,0,1
20241021_103006_jpg.rf.59707c1de45b14c95d5a7f6541017837.jpg,0,0,1,0,0,0,0,1
20241021_103609_jpg.rf.5ebd69c601a8b6e676e5aaede5df0a8a.jpg,0,0,0,0,1,0,0,1
20241021_103243_jpg.rf.5a54aee8aee0a07a23a59c8165b7380b.jpg,0,0,0,0,0,1,0,1
20241021_103248_jpg.rf.60936aaff7eed7fabcd0e298dcac472c.jpg,0,0,0,0,0,1,0,1
20241021_103353_jpg.rf.56e7f89f18c097bba738ffeffdcb3018.jpg,0,0,0,0,0,1,0,1
20241021_103245_jpg.rf.5e7283abae3ce429e9c8d41765a37667.jpg,0,0,0,0,0,1,0,1
20241021_103635_jpg.rf.5f2c7669e9e9dac8d8b45f2e151f2e14.jpg,0,0,0,0,1,0,0,1
20241021_103441-0-_jpg.rf.5e9f3999cfa634e21b7f206dc137bba0.jpg,0,0,0,0,0,1,0,1
20241021_153609_jpg.rf.5d4c8ed5da35f2656ea28a2089df7f3f.jpg,0,0,0,0,1,0,0,1
20241021_103002_jpg.rf.59e5a177b404a922a4bf9177bac550e8.jpg,0,0,0,1,0,0,0,1
20241021_103103_jpg.rf.5fda31da981a63e20e85f289bece23ca.jpg,0,1,0,0,0,0,0,1
20241021_153551-0-_jpg.rf.5af79b506e9de56fa34cc9852b31fcf3.jpg,0,0,0,0,1,0,0,1
20241021_103453_jpg.rf.57a842c2d79af42923e1b48ee5bd8cab.jpg,0,0,0,1,0,0,0,1
20241021_103606_jpg.rf.606ac8430cf0fb573d92b6caa22b2239.jpg,0,0,0,0,1,0,0,1
20241021_103629_jpg.rf.5c00fc85792df30625d8a792eac23711.jpg,0,0,0,0,1,0,0,1
20241021_103050_jpg.rf.6328a6a004bd2d019d25b95a4554a45c.jpg,0,0,0,0,1,0,0,1
20241021_103050_jpg.rf.61d9f77f39493ee12eb2116c87c714e8.jpg,0,0,0,0,1,0,0,1
20241021_103623_jpg.rf.640b7c2a8a3d98b82c33102b02f67aca.jpg,0,0,0,0,1,0,0,1
20241021_103147_jpg.rf.5d7c3b9c203fe0f75aeec597aadd1a06.jpg,0,0,0,0,1,0,0,1
20241021_103135_jpg.rf.621030c177f02b364ebe5b65ad37f40f.jpg,0,0,0,0,1,0,0,1
20241021_103648_jpg.rf.635ce2b5ebf6c5bdb9536225c958f052.jpg,0,0,0,0,0,1,0,1
20241021_103622_jpg.rf.63e1423ca9d7a6d150abd5aeebb63e4d.jpg,0,0,0,0,1,0,0,1
20241021_103710_jpg.rf.67dee78d8ea78fc31cd4f3ffd7e8b273.jpg,0,0,0,0,1,0,0,1
20241021_103621_jpg.rf.6454a067558acf35e92566ee7304a107.jpg,0,0,0,0,1,0,0,1
20241021_103639_jpg.rf.69a23bd2da8b887fdb7c4fd248c23e57.jpg,0,0,0,0,1,0,0,1
20241021_153542_jpg.rf.66593048115add9d91154e04831dab47.jpg,0,0,0,0,1,0,0,1
20241021_102951_jpg.rf.6c12f74d634575c21d0e150f553f70fe.jpg,0,0,0,0,0,0,1,1
20241021_102951_jpg.rf.64fd34770a1f04c192aa815771b91093.jpg,0,0,0,0,0,0,1,1
20241021_103357_jpg.rf.69f8e7057bdec8440bda2da560c7690c.jpg,0,0,0,0,1,0,0,1
20241021_103155_jpg.rf.6b053ecc426ab2a9daed317522f9a28e.jpg,0,1,0,0,0,0,0,1
20241021_103626_jpg.rf.6fdb1e342ada3e1e9fd109053709267d.jpg,0,0,0,0,1,0,0,1
20241021_103713_jpg.rf.70ba52ebf5cc996d0c648ea287a5f150.jpg,0,0,0,0,1,0,0,1
20241021_103651-0-_jpg.rf.6b5cb99089cf4391c118bd2888f69f27.jpg,0,0,0,0,0,1,0,1
20241021_102833_jpg.rf.66b46744bf0051202ad48c768ee235a2.jpg,1,0,0,0,0,0,0,1
20241021_103450_jpg.rf.6d859f6b4426c881e6ce8778912748b9.jpg,0,0,0,1,0,0,0,1
20241021_103609_jpg.rf.70430906642c4f981516f83ef70f2902.jpg,0,0,0,0,1,0,0,1
20241021_103649_jpg.rf.65a0eee0f31f8b447edf37aa27f20d49.jpg,0,0,0,0,0,1,0,1
20241021_103448_jpg.rf.6a6b32c5cf4776b1ef00999fee8cd0ea.jpg,0,0,0,1,0,0,0,1
20241021_153556_jpg.rf.6b188d20257e62e8a13a644b43d7591c.jpg,0,0,0,0,1,0,0,1
20241021_103135_jpg.rf.713c8c85699d4b39fab57b0fadfc26eb.jpg,0,0,0,0,1,0,0,1
20241021_153551_jpg.rf.6f98f3079117477bf4410714e8bbe79c.jpg,0,0,0,0,1,0,0,1
20241021_103709_jpg.rf.69aff753dc4935719892cedf1be63ce1.jpg,0,0,0,0,1,0,0,1
20241021_103611_jpg.rf.70ab815f4a91c49dd144ef36973bd449.jpg,0,0,0,0,1,0,0,1
20241021_103452-0-_jpg.rf.71c2c65f989181a83f2605750fc182d8.jpg,0,0,0,0,0,0,1,1
20241021_103709_jpg.rf.71e219893becd1df6e1b27a139580c30.jpg,0,0,0,0,1,0,0,1
20241021_103653_jpg.rf.72eaa43e6944806acbdb1fac28dd5f9b.jpg,0,0,0,0,0,1,0,1
20241021_103640_jpg.rf.7d5cb76ce79cec11a451311903866d75.jpg,0,0,0,0,1,0,0,1
20241021_103155_jpg.rf.73cc874601737a347bbff1337722f788.jpg,0,1,0,0,0,0,0,1
20241021_103453_jpg.rf.73eaa5e786efbd93c656b1bbad40f9c6.jpg,0,0,0,1,0,0,0,1
20241021_103648_jpg.rf.80b119d83df6f832de83ea2fce38e03a.jpg,0,0,0,0,0,1,0,1
20241021_102948_jpg.rf.7bc0c4fbb3c7d29f0f7a9ea92b4c28fa.jpg,0,0,0,0,0,0,1,1
20241021_103437_jpg.rf.770de2947b5959aed8e049a15cbddff3.jpg,0,0,0,0,0,1,0,1
20241021_103608_jpg.rf.73269d41811504fcec4ecd941fbcbaf7.jpg,0,0,0,0,1,0,0,1
20241021_103608_jpg.rf.7f1ad93c6a02bc04fc723a029177e126.jpg,0,0,0,0,1,0,0,1
20241021_103436_jpg.rf.7b17dd0dc234a45c5fd9cfcd29c946b1.jpg,0,0,0,0,0,1,0,1
20241021_103248_jpg.rf.7fb6d94d5befd935587750111e3babb4.jpg,0,0,0,0,0,1,0,1
20241021_103611_jpg.rf.792df9b44e52916a757a198d25978ca0.jpg,0,0,0,0,1,0,0,1
20241021_103125_jpg.rf.7bf977613703ad54be5bb38ed3627618.jpg,0,0,0,0,0,1,0,1
20241021_103648_jpg.rf.7e9c1d84b3bb166293689ff58eefbd0a.jpg,0,0,0,0,0,1,0,1
20241021_103155_jpg.rf.7bb538f2f484fa8b50f657cdd23077be.jpg,0,1,0,0,0,0,0,1
20241021_103626_jpg.rf.738a6e3883aaecc064f671572aa34dab.jpg,0,0,0,0,1,0,0,1
20241021_103652_jpg.rf.7d7077ff88caf1b730e68a010beebf98.jpg,0,0,0,0,0,1,0,1
20241021_153705_jpg.rf.784e6934eceeb3aa291141b28e1ded39.jpg,0,0,0,0,0,1,0,1
20241021_103351_jpg.rf.807c73c7868c8e202154cc55ae9dcc79.jpg,0,0,0,0,0,1,0,1
20241021_103149_jpg.rf.77d509a573fd01621d66dbc7a2339cd1.jpg,0,0,0,0,1,0,0,1
20241021_103442_jpg.rf.7a03c072796a629e42de20b0b0ad3286.jpg,0,0,0,0,0,1,0,1
20241021_153542_jpg.rf.7ff6fd3b7cc71ea2a851a3988aaa67dc.jpg,0,0,0,0,1,0,0,1
20241021_103353_jpg.rf.812ea364ac5bfcb03b13469deb8d3bbe.jpg,0,0,0,0,0,1,0,1
20241021_103441-0-_jpg.rf.8250e5f1ec676c10a804bb3b52e341d9.jpg,0,0,0,0,0,1,0,1
20241021_103450-0-_jpg.rf.77ee5840b0cf128d24ef9bc70abe0a97.jpg,0,0,0,1,0,0,0,1
20241021_103629_jpg.rf.83885bac8156f2b3a52484898bd25daf.jpg,0,0,0,0,1,0,0,1
20241021_103611_jpg.rf.80ed5fd372e0458ad6c575d3bf8487dd.jpg,0,0,0,0,1,0,0,1
20241021_103638-0-_jpg.rf.81a6c2959188f089ead66e964c5bc1f7.jpg,0,0,0,0,1,0,0,1
20241021_103609_jpg.rf.875ca0767275301caef930d75d06e036.jpg,0,0,0,0,1,0,0,1
20241021_103243_jpg.rf.83457cd64ec705bcd6c2cdc6cc06ab07.jpg,0,0,0,0,0,1,0,1
20241021_103101_jpg.rf.87e425c96bf30e0cf26551092bc3787f.jpg,0,1,0,0,0,0,0,1
20241021_103045_jpg.rf.85f50146de82c30f203c3ea8a14f3a29.jpg,0,0,0,0,0,1,0,1
20241021_103649_jpg.rf.8759db3ed7bc0d45eb378181c569630d.jpg,0,0,0,0,0,1,0,1
20241021_102942_jpg.rf.89f4cb7a16e12ca7f1ef2b14166062fd.jpg,0,0,0,0,0,1,0,1
20241021_153539_jpg.rf.874f54ac2d4998cf232c9dcf9d1064f9.jpg,0,0,0,0,1,0,0,1
20241021_103248_jpg.rf.8762cc9c9f06531e3462f3301fd7c24a.jpg,0,0,0,0,0,1,0,1
20241021_103452-0-_jpg.rf.872b443f3f68a61607187f8f8a5f3135.jpg,0,0,0,0,0,0,1,1
20241021_103149_jpg.rf.819d3656b7e40b5bea02048218e50906.jpg,0,0,0,0,1,0,0,1
20241021_103634_jpg.rf.8639e404ce8b9421e262255c9497cf25.jpg,0,0,0,0,1,0,0,1
20241021_103027_jpg.rf.842c0866652d2e6ff2f10b19f74474a8.jpg,0,1,0,0,0,0,0,1
20241021_103712_jpg.rf.8420709c40331f1939ad1b75612f33d0.jpg,0,0,0,0,1,0,0,1
20241021_103634_jpg.rf.84c43e6474ccebb0b117bad23ecb588f.jpg,0,0,0,0,1,0,0,1
20241021_103651_jpg.rf.89d9007c0588988de48928b3dde120ec.jpg,0,0,0,0,0,1,0,1
20241021_103115_jpg.rf.8d32e9409ef91558391899e20bc960f4.jpg,0,1,0,0,0,0,0,1
20241021_153555_jpg.rf.881f44f42323441c35d46c99b88fbb80.jpg,0,0,0,0,1,0,0,1
20241021_103715_jpg.rf.8b34f633bdb26c104149eba8ba86eae1.jpg,0,0,0,0,1,0,0,1
20241021_103651-0-_jpg.rf.8c82d1d4a2156a6ae7b1fe792f7fddf7.jpg,0,0,0,0,0,1,0,1
20241021_103045_jpg.rf.8d79c51a094cd4f687cc28e6002a1266.jpg,0,0,0,0,0,1,0,1
20241021_103622_jpg.rf.8da93fe1095f1fad9c2549d15cf6d571.jpg,0,0,0,0,1,0,0,1
20241021_103408_jpg.rf.8a3af60202e4eb9e72bf61178c455573.jpg,0,0,0,0,1,0,0,1
20241021_103027_jpg.rf.893ca6d2cc34704889df1c57efaf1bc4.jpg,0,1,0,0,0,0,0,1
20241021_103502_jpg.rf.8c3badaa0257f231bb17448d93dfd370.jpg,0,0,0,0,0,1,0,1
20241021_103353_jpg.rf.8e5ab3b8f1213d97e3213b3725d86f8c.jpg,0,0,0,0,0,1,0,1
20241021_103248_jpg.rf.918db30fc854e67f5e99b7b695b75e89.jpg,0,0,0,0,0,1,0,1
20241021_103621_jpg.rf.8efc202a4dd86535305aa5d2f9f1b698.jpg,0,0,0,0,1,0,0,1
20241021_103652_jpg.rf.936b7a9372020a79da3fa299b0bfdd27.jpg,0,0,0,0,0,1,0,1
20241021_103640_jpg.rf.9305be68093553e57841801c409f6f5c.jpg,0,0,0,0,1,0,0,1
20241021_103456_jpg.rf.96aa5fcfcfbf62a21b40d43f816a8a34.jpg,0,0,0,1,0,0,0,1
20241021_103623_jpg.rf.929140f71f48d75a829429055ee085db.jpg,0,0,0,0,1,0,0,1
20241021_103406_jpg.rf.92fe986c16eac92f568141a29d960532.jpg,0,0,0,0,1,0,0,1
20241021_103452-0-_jpg.rf.93b1da14f76f6ccf737a3cc89c9770f1.jpg,0,0,0,0,0,0,1,1
20241021_103631_jpg.rf.93ac854e6c8b8ad90279e0320b947270.jpg,0,0,0,0,1,0,0,1
20241021_102948_jpg.rf.988d67f66b2fd36c0737931014b2fb67.jpg,0,0,0,0,0,0,1,1
20241021_153551_jpg.rf.9994a7642b682271c38801666b3131da.jpg,0,0,0,0,1,0,0,1
20241021_103607_jpg.rf.98d1aea14a26459877ca2ef23350f9f3.jpg,0,0,0,0,1,0,0,1
20241021_103633_jpg.rf.98b266a50a66b515d4f7b673f09e91a0.jpg,0,0,0,0,1,0,0,1
20241021_103453_jpg.rf.987b36d01caa77d07f35f10c47666c26.jpg,0,0,0,1,0,0,0,1
20241021_102942_jpg.rf.97be33d2c73b64f7c80586d44fc94074.jpg,0,0,0,0,0,1,0,1
20241021_103633_jpg.rf.97a9c921c9bfa3784bfcc01d1651d415.jpg,0,0,0,0,1,0,0,1
20241021_103453_jpg.rf.996e0605252bd629044c97c309d5353b.jpg,0,0,0,1,0,0,0,1
20241021_103452_jpg.rf.9af531ba4f0cec8e045cd79dea36621a.jpg,0,0,0,1,0,0,0,1
20241021_103027_jpg.rf.9b5c757a7d44281ce4213aa1a2a98cd4.jpg,0,1,0,0,0,0,0,1
20241021_103353_jpg.rf.93ede29bf16033b12f5bc9825f7e90ee.jpg,0,0,0,0,0,1,0,1
20241021_103027_jpg.rf.9bbbc184a46c73c9ea5dec1eb348fb27.jpg,0,1,0,0,0,0,0,1
20241021_103443_jpg.rf.8ebbbd670e744729cc1fcf9c017183fd.jpg,0,0,0,0,0,1,0,1
20241021_103053_jpg.rf.972c59784bc3dd5f7565a196e24ba001.jpg,0,0,1,0,0,0,0,1
20241021_103437_jpg.rf.98040579c93a9cd2101abdfb4575f7da.jpg,0,0,0,0,0,1,0,1
20241021_103608_jpg.rf.9d06252329c1ecf0fefc3b72bb20b38b.jpg,0,0,0,0,1,0,0,1
20241021_103636_jpg.rf.9b76f6a505fdd6a1d2970eb0be90094f.jpg,0,0,0,0,1,0,0,1
20241021_103621_jpg.rf.a256d94079c3007a3abdff2f4b0c5d84.jpg,0,0,0,0,1,0,0,1
20241021_103450-0-_jpg.rf.9c0fac5497eb189ec913f882a244cf28.jpg,0,0,0,1,0,0,0,1
20241021_103442_jpg.rf.99e6950805b0a143ad91d5ea8485d0fa.jpg,0,0,0,0,0,1,0,1
20241021_103436_jpg.rf.9bcd09598fbeb67e3bcab75462cc9d7d.jpg,0,0,0,0,0,1,0,1
20241021_103243_jpg.rf.9fa30e7d848c9bac7f5825797c7c1dfe.jpg,0,0,0,0,0,1,0,1
20241021_103050_jpg.rf.9abf2e4e6ad8dfb31e5b6ffd421f9de8.jpg,0,0,0,0,1,0,0,1
20241021_103713_jpg.rf.9bcbbf71f0c7c7bad70109a4a9d8fa54.jpg,0,0,0,0,1,0,0,1
20241021_103629_jpg.rf.a4b44b97e594e022c5ca7e51c5ce6ee4.jpg,0,0,0,0,1,0,0,1
20241021_103130_jpg.rf.a2d399fcbe8cc776c5317d7062e9add8.jpg,0,0,0,0,0,1,0,1
20241021_102942_jpg.rf.9cdd4c4a890e301c3ed4875ceb73dd2d.jpg,0,0,0,0,0,1,0,1
20241021_103639_jpg.rf.a5c41eaa1c1455f30eaeb8c640603a1e.jpg,0,0,0,0,1,0,0,1
20241021_103248_jpg.rf.a19926c79ba6a6d0b519c7970395997e.jpg,0,0,0,0,0,1,0,1
20241021_103502_jpg.rf.9e9ef9705d0efe3b3d534ad6d44a4749.jpg,0,0,0,0,0,1,0,1
20241021_103626_jpg.rf.a4b6e8b49e6410e6153067325973c66a.jpg,0,0,0,0,1,0,0,1
20241021_103638-0-_jpg.rf.a8999895328124b1bbb28265a8f198ed.jpg,0,0,0,0,1,0,0,1
20241021_103115_jpg.rf.afd0c493ef6a7470a0606fb75e6a369f.jpg,0,1,0,0,0,0,0,1
20241021_103650_jpg.rf.a80d9df2da3903790999032946c41def.jpg,0,0,0,0,0,1,0,1
20241021_103402_jpg.rf.a3994ba36dd090b9976350adb7bda3c7.jpg,0,0,0,0,1,0,0,1
20241021_103606_jpg.rf.a02186b2ad7778207f067396515c24ba.jpg,0,0,0,0,1,0,0,1
20241021_103053_jpg.rf.ac8f13505d2128bbbeae71f7122659b5.jpg,0,0,1,0,0,0,0,1
20241021_103413_jpg.rf.a31dbf27b43757cb41893b5910b0d7c9.jpg,0,0,0,0,0,1,0,1
20241021_103027_jpg.rf.ac8e723adbdab89e6f8d39497a3721e4.jpg,0,1,0,0,0,0,0,1
20241021_103147_jpg.rf.ad3e134144783df6890ef77dc850c1a4.jpg,0,0,0,0,1,0,0,1
20241021_103651_jpg.rf.b3863abc8c78c324ede0eb03c8655794.jpg,0,0,0,0,0,1,0,1
20241021_103006_jpg.rf.aacf012b09e1da24190cf6ac4fdda411.jpg,0,0,1,0,0,0,0,1
20241021_103437-0-_jpg.rf.b4873f2e534346f0e846a9f79b4ecb82.jpg,0,0,0,0,0,1,0,1
20241021_103638-0-_jpg.rf.a7fb5069f98da74e2a0e58e4bb4c0ebd.jpg,0,0,0,0,1,0,0,1
20241021_103413_jpg.rf.b0e943f25bee822cd273b44f110c9b61.jpg,0,0,0,0,0,1,0,1
20241021_103252_jpg.rf.aca1f8ed11c9589054b47f1780aad7b2.jpg,0,0,0,0,0,1,0,1
20241021_103622_jpg.rf.ac563f6b6ad5af67bf89d6e7c65c0358.jpg,0,0,0,0,1,0,0,1
20241021_103450-0-_jpg.rf.b088cef446b6a1f94ba3d20f37864a4f.jpg,0,0,0,1,0,0,0,1
20241021_103626_jpg.rf.b795265908def05b48ae6970dc179691.jpg,0,0,0,0,1,0,0,1
20241021_153555_jpg.rf.afee43ebf1f0c016e51ea769abf20849.jpg,0,0,0,0,1,0,0,1
20241021_103353_jpg.rf.b6757296219954fae8474ce5eec59182.jpg,0,0,0,0,0,1,0,1
20241021_103135_jpg.rf.b53c71f25c9d167cbca625bf72a3f1cc.jpg,0,0,0,0,1,0,0,1
20241021_103713_jpg.rf.b94cb55da310c20861060f68decee798.jpg,0,0,0,0,1,0,0,1
20241021_103712_jpg.rf.b3276afc0992b5ca31b65f5d76826a5d.jpg,0,0,0,0,1,0,0,1
20241021_103610_jpg.rf.b5ccec04622178d19c88376e65e54df0.jpg,0,0,0,0,1,0,0,1
20241021_102948_jpg.rf.b14c1c81b5bbec36f1d96ed5cf9ae28d.jpg,0,0,0,0,0,0,1,1
20241021_103653_jpg.rf.a8735d4ec37ec20b1511da1d0ffb08b1.jpg,0,0,0,0,0,1,0,1
20241021_103651_jpg.rf.aacc9fb24a5e64269ffc7f8cf0d0eb81.jpg,0,0,0,0,0,1,0,1
20241021_103045_jpg.rf.b9b71671d88e28f9ffec7a88db7bc6b6.jpg,0,0,0,0,0,1,0,1
20241021_103053_jpg.rf.ba1808b9b18f7287a2e1d283686fb410.jpg,0,0,1,0,0,0,0,1
20241021_103406_jpg.rf.b9a3bc02ee30f3c7bca1a507425cacaa.jpg,0,0,0,0,1,0,0,1
20241021_103115_jpg.rf.bce6de5132cd654182b9a209aa1b1099.jpg,0,1,0,0,0,0,0,1
20241021_103610_jpg.rf.bb317cf0f7a0cbb84d608bb98526e388.jpg,0,0,0,0,1,0,0,1
20241021_103606_jpg.rf.b1b47e0f843d638b960c398d9781c73c.jpg,0,0,0,0,1,0,0,1
20241021_103245_jpg.rf.b9e42ec253cb53d9dc956cce17f0f289.jpg,0,0,0,0,0,1,0,1
20241021_103437_jpg.rf.bdf930ada914ad3c367df9059312e107.jpg,0,0,0,0,0,1,0,1
20241021_153556_jpg.rf.be9c3b6a105cc9e67b112d9995175834.jpg,0,0,0,0,1,0,0,1
20241021_103607_jpg.rf.c400ab2e05bdfd34e274251bb04f1865.jpg,0,0,0,0,1,0,0,1
20241021_103640_jpg.rf.ba5c813d9bd95bb89019d3f39fc00de5.jpg,0,0,0,0,1,0,0,1
20241021_103634_jpg.rf.bd515eb6ad2b57662b7e0ab72cc6f701.jpg,0,0,0,0,1,0,0,1
20241021_103353_jpg.rf.b842ad7ab232d00638ca9965beb5f734.jpg,0,0,0,0,0,1,0,1
20241021_103115_jpg.rf.bba274139248d73a341168f9da4cee6e.jpg,0,1,0,0,0,0,0,1
20241021_103623_jpg.rf.be81380188c6e3be513fb47afa837955.jpg,0,0,0,0,1,0,0,1
20241021_153542_jpg.rf.bedbf9c8f11e87aa996b5694ce56e355.jpg,0,0,0,0,1,0,0,1
20241021_103631_jpg.rf.c5521acc3528397e08b9774c62812c9d.jpg,0,0,0,0,1,0,0,1
20241021_103456_jpg.rf.b841bdd2fd2a73bbdea23c391c0378d3.jpg,0,0,0,1,0,0,0,1
20241021_103125_jpg.rf.bdd72c4a6c74cd4eed658b8e5af12048.jpg,0,0,0,0,0,1,0,1
20241021_103652_jpg.rf.c7f0d810c9569754e45d4c11ea5813f4.jpg,0,0,0,0,0,1,0,1
20241021_103621_jpg.rf.c24cb51d16019080e3f0fccf385fcf7a.jpg,0,0,0,0,1,0,0,1
20241021_153555_jpg.rf.c70f3826ac3722995014c12ccfac0640.jpg,0,0,0,0,1,0,0,1
20241021_103623_jpg.rf.c961a209825ec8e79a62d85a3208b43a.jpg,0,0,0,0,1,0,0,1
20241021_103609_jpg.rf.c4d18e3ca1e1fe71125b3ac9fbc44898.jpg,0,0,0,0,1,0,0,1
20241021_103610_jpg.rf.c55526ff12e57d00da1e34048d0b51ae.jpg,0,0,0,0,1,0,0,1
20241021_103248_jpg.rf.c522ddbaa390b7d22ede5b4012a9e5ae.jpg,0,0,0,0,0,1,0,1
20241021_103608_jpg.rf.ca4bd692267c3420e60df795bcd1baaf.jpg,0,0,0,0,1,0,0,1
20241021_103712_jpg.rf.cb5bf5b251852c0480ee2817ff3adcf7.jpg,0,0,0,0,1,0,0,1
20241021_153542_jpg.rf.cb2a57390df668dcd62f35ea63716f0d.jpg,0,0,0,0,1,0,0,1
20241021_103623-0-_jpg.rf.c8b5d46ab822b973817784404dce330a.jpg,0,0,0,0,1,0,0,1
20241021_103027_jpg.rf.c9d6803fca024faf6369e03819952960.jpg,0,1,0,0,0,0,0,1
20241021_103651-0-_jpg.rf.cc8eed56df08f0e440d6f93153406a78.jpg,0,0,0,0,0,1,0,1
20241021_103245_jpg.rf.cdd6567a5e386524afd5c8939f4e6401.jpg,0,0,0,0,0,1,0,1
20241021_103651-0-_jpg.rf.d0747334b00431a8ac1f7a38e4162f58.jpg,0,0,0,0,0,1,0,1
20241021_103623_jpg.rf.cdb56b01558b0cf7db7959a439aec250.jpg,0,0,0,0,1,0,0,1
20241021_103653_jpg.rf.ccfca1710e7c28b2e4f812a715d70b74.jpg,0,0,0,0,0,1,0,1
20241021_102948_jpg.rf.ce622100385b5f407eec48f65655a2e6.jpg,0,0,0,0,0,0,1,1
20241021_103441-0-_jpg.rf.cda201a92f64d8bc037c871921a59459.jpg,0,0,0,0,0,1,0,1
20241021_103443_jpg.rf.c170b870840c9245b337158943a4c3d0.jpg,0,0,0,0,0,1,0,1
20241021_103626_jpg.rf.ce3bece7b053688f0345efd46d691eb8.jpg,0,0,0,0,1,0,0,1
20241021_103448_jpg.rf.d12af819188c3064e94f737d8e698bdc.jpg,0,0,0,1,0,0,0,1
20241021_153554_jpg.rf.ce77416de0f2ab656c966b64b7ba7bb6.jpg,0,0,0,0,1,0,0,1
20241021_103650_jpg.rf.ce9c738a658944eec8d31553493ae6ef.jpg,0,0,0,0,0,1,0,1
20241021_103441-0-_jpg.rf.c03db99ca875fdff8c891e19f89971b6.jpg,0,0,0,0,0,1,0,1
20241021_103626_jpg.rf.d208f61dbbdf3974449e81717651b4c7.jpg,0,0,0,0,1,0,0,1
20241021_103709_jpg.rf.d2587415f25571ff637d0ec87eea22ca.jpg,0,0,0,0,1,0,0,1
20241021_103627_jpg.rf.d027dd1237ad958fbf733755036606d4.jpg,0,0,0,0,1,0,0,1
20241021_103709_jpg.rf.d7ff18dee574a358f86663d7e3473b02.jpg,0,0,0,0,1,0,0,1
20241021_103653_jpg.rf.d77084955994bc159ea57e846c8265c6.jpg,0,0,0,0,0,1,0,1
20241021_103623_jpg.rf.d80f65911733e40763dd4b0db6c72c3a.jpg,0,0,0,0,1,0,0,1
20241021_103650_jpg.rf.d3987277a48836237003fc1c6166b3ef.jpg,0,0,0,0,0,1,0,1
20241021_103441-0-_jpg.rf.d3a1e37a3ee871bafd231f3ca3c34951.jpg,0,0,0,0,0,1,0,1
20241021_103709_jpg.rf.d77ddeb0f73eea65f2e86f4687d0fc81.jpg,0,0,0,0,1,0,0,1
20241021_153555_jpg.rf.d051d96124774bf47e525229e7e622d8.jpg,0,0,0,0,1,0,0,1
20241021_103640_jpg.rf.d9c85232a566e0195a85c37fc21579f6.jpg,0,0,0,0,1,0,0,1
20241021_103640_jpg.rf.d4208a47af2a30b7ac41ccc1eeb04d81.jpg,0,0,0,0,1,0,0,1
20241021_103623-0-_jpg.rf.d3155c0ef6ef9605519f9e5eb53a9055.jpg,0,0,0,0,1,0,0,1
20241021_103621_jpg.rf.cace38aace5844a0bfa8766fdd5b722a.jpg,0,0,0,0,1,0,0,1
20241021_103650_jpg.rf.d911ca83e4bf8355ed1a9b3c5a257b2a.jpg,0,0,0,0,0,1,0,1
20241021_103712-0-_jpg.rf.dac8f1cb40f1b77ac7c066486b083ec9.jpg,0,0,0,0,1,0,0,1
20241021_103621_jpg.rf.dbbdbc91a58d226a7ac8031d4e47e28d.jpg,0,0,0,0,1,0,0,1
20241021_103649_jpg.rf.d45a95ea79c30657cbd8439f3237954e.jpg,0,0,0,0,0,1,0,1
20241021_103609_jpg.rf.dcbd6a2ca65b913e2e3338baf189344d.jpg,0,0,0,0,1,0,0,1
20241021_103353_jpg.rf.d9e7709d0b8fecf3e8f70b5291476ec9.jpg,0,0,0,0,0,1,0,1
20241021_103710_jpg.rf.ddc320788ac4c82d28616c2d71cb1454.jpg,0,0,0,0,1,0,0,1
20241021_103130_jpg.rf.d8d7eeac11ebcf718f39f3e8f05b20bb.jpg,0,0,0,0,0,1,0,1
20241021_153539_jpg.rf.dc13524a00b1fd09c74b005e634bcfc1.jpg,0,0,0,0,1,0,0,1
20241021_103651-0-_jpg.rf.dafdb2e59a71cf1a90872e086453c158.jpg,0,0,0,0,0,1,0,1
20241021_103357_jpg.rf.dadfa06f19eb57d2634b33960b01b47c.jpg,0,0,0,0,1,0,0,1
20241021_103135_jpg.rf.e5b50b0c01d96a76bfab0afc91b4c572.jpg,0,0,0,0,1,0,0,1
20241021_103437_jpg.rf.de82e4d534f12485097def8a749e3bf1.jpg,0,0,0,0,0,1,0,1
20241021_103711_jpg.rf.deddc4aa138340a958db6df2fb4a640d.jpg,0,0,0,0,1,0,0,1
20241021_103147_jpg.rf.ded5432117e595d21a657fe01983b78c.jpg,0,0,0,0,1,0,0,1
20241021_102833_jpg.rf.e34dcab1687a153c037c21279e3797c6.jpg,1,0,0,0,0,0,0,1
20241021_103252_jpg.rf.e012d57bc75394f864bad8a1ac37f1d3.jpg,0,0,0,0,0,1,0,1
20241021_103626_jpg.rf.e3134f4fba4988a7f06281b856f21163.jpg,0,0,0,0,1,0,0,1
20241021_103710_jpg.rf.e5227e3af86e51a7bafaa01b7211895b.jpg,0,0,0,0,1,0,0,1
20241021_103436_jpg.rf.dcffa60f0b21babc3d57b7ecae430694.jpg,0,0,0,0,0,1,0,1
20241021_103442_jpg.rf.da8993fe2f56a5ae4c79c80f4681b530.jpg,0,0,0,0,0,1,0,1
20241021_103611_jpg.rf.e144ef48d8f4eea8d07acc1fbd5614d9.jpg,0,0,0,0,1,0,0,1
20241021_103353_jpg.rf.e63a3179407c3893d2f8b815baa7687c.jpg,0,0,0,0,0,1,0,1
20241021_103712_jpg.rf.e479ba0d6ae3175c33e7b7342a411d25.jpg,0,0,0,0,1,0,0,1
20241021_103406_jpg.rf.e790e86d5f1cbe5b52fab4d750d01087.jpg,0,0,0,0,1,0,0,1
20241021_103622_jpg.rf.e3b6a2fb5ac2b73984d71a25b9791243.jpg,0,0,0,0,1,0,0,1
20241021_103652_jpg.rf.dc94b6b776a085e44bfcc07050d0275f.jpg,0,0,0,0,0,1,0,1
20241021_103031_jpg.rf.e225421d868c9b3e147e9468a5cf88db.jpg,0,0,1,0,0,0,0,1
20241021_103248_jpg.rf.e6cf7266a23c2f3d191f4726797d7238.jpg,0,0,0,0,0,1,0,1
20241021_103638-0-_jpg.rf.e689a52e8e43366bd73a64b67e14935f.jpg,0,0,0,0,1,0,0,1
20241021_103442_jpg.rf.e94e0163f61dc42e36c4c87658fcab65.jpg,0,0,0,0,0,1,0,1
20241021_103453_jpg.rf.e93b118bbcf3dc6f0aedbc895def6b8c.jpg,0,0,0,1,0,0,0,1
20241021_103408_jpg.rf.e99377c3028cd3f71f6638345e54c3c2.jpg,0,0,0,0,1,0,0,1
20241021_153539_jpg.rf.e9ba39b8d5f5e3bc7a0d8497b53f0551.jpg,0,0,0,0,1,0,0,1
20241021_103450_jpg.rf.eda3eb23765d22c37f2d22d87ed2374a.jpg,0,0,0,1,0,0,0,1
20241021_103443_jpg.rf.ed0b84eac8606241c9a39acc89483157.jpg,0,0,0,0,0,1,0,1
20241021_153551-0-_jpg.rf.eb93e2e92c4bc3d351b8ff5fc19d85eb.jpg,0,0,0,0,1,0,0,1
20241021_153555_jpg.rf.e985a7eb2d405a00bf7c2229eca2eaba.jpg,0,0,0,0,1,0,0,1
20241021_103027_jpg.rf.ec33a30c1f7e3628a8bda4643962fe82.jpg,0,1,0,0,0,0,0,1
20241021_103650_jpg.rf.eed246d8fb7766ddcbffd3d4de495f54.jpg,0,0,0,0,0,1,0,1
20241021_103651_jpg.rf.ef64caaf1644fff99e644c12349f396e.jpg,0,0,0,0,0,1,0,1
20241021_102948_jpg.rf.f448e86aba606545361eb43c3c1f9e60.jpg,0,0,0,0,0,0,1,1
20241021_103628_jpg.rf.ed5f655f6fe39f1073ee2ba7f46d6f9b.jpg,0,0,0,0,1,0,0,1
20241021_103627_jpg.rf.f485a94be6a39135ceb18f1306e74c20.jpg,0,0,0,0,1,0,0,1
20241021_103611_jpg.rf.f2e377d7e99caee0a2f8db2624c07d14.jpg,0,0,0,0,1,0,0,1
20241021_103653_jpg.rf.eebd12fb755437c58a7e2f507a507952.jpg,0,0,0,0,0,1,0,1
20241021_103406_jpg.rf.eab6602386a07b423994f3718754bad1.jpg,0,0,0,0,1,0,0,1
20241021_103006_jpg.rf.ea13727c0dc5383afae160340971be69.jpg,0,0,1,0,0,0,0,1
20241021_153705_jpg.rf.f12bba90b2e1ab83a54d72114a0fcf70.jpg,0,0,0,0,0,1,0,1
20241021_103649_jpg.rf.f55d7725afd36a2b1e35a9c8ecceccf5.jpg,0,0,0,0,0,1,0,1
20241021_103651_jpg.rf.f736e9e8e2f6ec1c0af51423cb85dfe5.jpg,0,0,0,0,0,1,0,1
20241021_103135_jpg.rf.f8aa17a2da2020c7392bac1e54bf3fd4.jpg,0,0,0,0,1,0,0,1
20241021_153542_jpg.rf.f3b71aa58835de003b9e76df956d84f0.jpg,0,0,0,0,1,0,0,1
20241021_103443_jpg.rf.efa11161ece33b881ddf04f1e54133c1.jpg,0,0,0,0,0,1,0,1
20241021_103607_jpg.rf.f52486b7bbb3cb810b2df79704d931ae.jpg,0,0,0,0,1,0,0,1
20241021_103652_jpg.rf.f39e8d8bfa8b34720de15f773d2c14bd.jpg,0,0,0,0,0,1,0,1
20241021_153539_jpg.rf.f9146a36cd3e27cfd497556a0d5473a0.jpg,0,0,0,0,1,0,0,1
20241021_103443_jpg.rf.f508f29d1ba7b08ecfc80d6ea3c3f097.jpg,0,0,0,0,0,1,0,1
20241021_153542_jpg.rf.fa3c6d3c7ad528c8b4347f3a182f11fc.jpg,0,0,0,0,1,0,0,1
20241021_103404_jpg.rf.f908666afd7eabbbc76448e1f326cb6e.jpg,0,0,0,0,1,0,0,1
20241021_103639_jpg.rf.f8b4abcc014240f6301aa303ed433b29.jpg,0,0,0,0,1,0,0,1
20241021_103651_jpg.rf.fa00fc9891468aaa3c5614e0ef116eed.jpg,0,0,0,0,0,1,0,1
20241021_102942_jpg.rf.f9ef5bf3b0ac601a62201d79828c905a.jpg,0,0,0,0,0,1,0,1
20241021_153539_jpg.rf.f10138202e4c41b41fba6028af65a083.jpg,0,0,0,0,1,0,0,1
20241021_103442_jpg.rf.fa3b8d89c4d16215806e3a910b00514f.jpg,0,0,0,0,0,1,0,1
20241021_103402_jpg.rf.f32e4025ac48192207f64d591038ee56.jpg,0,0,0,0,1,0,0,1
20241021_103502_jpg.rf.face0a499fd3656b9cd190451abeacc0.jpg,0,0,0,0,0,1,0,1
20241021_103436_jpg.rf.f8165c9e2105bffaeab7cce3a60855d8.jpg,0,0,0,0,0,1,0,1
20241021_103629_jpg.rf.fe493890119cb870786521214fcef2e2.jpg,0,0,0,0,1,0,0,1
20241021_103648_jpg.rf.fb1ccc4b6eed23d6c8d9f53f08f52861.jpg,0,0,0,0,0,1,0,1